<?xml version='1.0' encoding='UTF-8'?>
<system creation-date="2023-04-25 15:32:56.632000" desc="" enable="False" id="38B7B832-D599-4DB6-AB13-51B12166DBCF" last-modified-date="" name="Controller1"><applications><application name="RobotWare" version="6.15.2027"><settings><system-xml path="C:\Users\sesha\OneDrive\Documents\RobotStudio\Projects\Material_Handling_Number_31\Virtual Controllers\Controller1\system.xml" /><key-id path="C:\Users\sesha\OneDrive\Documents\RobotStudio\Projects\Material_Handling_Number_31\Virtual Controllers\Controller1\INTERNAL\key.id" /><setting-file path="C:\Users\sesha\OneDrive\Documents\RobotStudio\Projects\Material_Handling_Number_31\Virtual Controllers\Controller1\INTERNAL\controller.rsf" /></settings></application></applications></system>